URL,Zuletzt gecrawlt
https://brennholz-koenig.de/shop/scheitholz-fichte-33cm,2026-03-15
https://www.brennholz-koenig.de/shop/industrieholz-buche-klasse-2,2026-01-17
https://brennholz-koenig.de/malsfeld,2025-11-18
https://brennholz-koenig.de/schwalmstadt,2025-11-18
https://brennholz-koenig.de/homberg-efze,2025-11-18
https://brennholz-koenig.de/bad-hersfeld,2025-11-18
https://brennholz-koenig.de/calden,2025-11-18
https://brennholz-koenig.de/hofgeismar,2025-11-18
https://brennholz-koenig.de/friedland,2025-11-18
https://brennholz-koenig.de/naumburg,2025-11-18
https://brennholz-koenig.de/soehrewald,2025-11-18
https://brennholz-koenig.de/reinhardshagen,2025-11-18
https://brennholz-koenig.de/frankenau,2025-11-18
https://brennholz-koenig.de/ebersburg,2025-11-18
https://brennholz-koenig.de/wolfhagen,2025-11-17
https://brennholz-koenig.de/gemuenden,2025-11-17
https://brennholz-koenig.de/bad-sooden-allendorf,2025-11-17
https://brennholz-koenig.de/fritzlar,2025-11-17
https://brennholz-koenig.de/hilders,2025-11-17
https://brennholz-koenig.de/kaufungen,2025-11-17
https://brennholz-koenig.de/borken,2025-11-17
https://brennholz-koenig.de/niederaula,2025-11-17
https://brennholz-koenig.de/frankenberg,2025-11-17
https://brennholz-koenig.de/blog/brennholz-qualitaet-erkennen-2025,2025-10-25
https://brennholz-koenig.de/stuttgart,2025-10-06
https://brennholz-koenig.de/hamburg,2025-10-06
https://brennholz-koenig.de/hofbieber,2025-10-06
https://brennholz-koenig.de/tann,2025-10-05